{"cameraMode":{"drawMode":0,"name":"Shaded","section":"Shading Mode"},"sceneLighting":false,"audioPlay":false,"sceneViewState":{"showFog":true,"showMaterialUpdate":false,"showSkybox":false,"showFlares":true,"showImageEffects":true,"showParticleSystems":true},"in2DMode":false,"pivot":{"x":-2.737368106842041,"y":-0.9939450025558472,"z":-0.25724297761917117},"rotation":{"x":-0.0018104668706655503,"y":0.00109775154851377,"z":-0.000003855280738207512,"w":-0.9999977946281433},"size":7.748629570007324,"orthographic":false}