{"cameraMode":{"drawMode":0,"name":"Shaded","section":"Shading Mode"},"sceneLighting":true,"audioPlay":false,"sceneViewState":{"showFog":true,"showMaterialUpdate":false,"showSkybox":true,"showFlares":true,"showImageEffects":true,"showParticleSystems":true},"in2DMode":false,"pivot":{"x":6.314511775970459,"y":3.7316293716430666,"z":1.329732894897461},"rotation":{"x":-0.24011972546577454,"y":-0.07891707122325897,"z":0.01958729885518551,"w":-0.9673319458961487},"size":31.192873001098634,"orthographic":false}