{"cameraMode":{"drawMode":0,"name":"Shaded","section":"Shading Mode"},"sceneLighting":true,"audioPlay":false,"sceneViewState":{"showFog":true,"showMaterialUpdate":false,"showSkybox":true,"showFlares":true,"showImageEffects":true,"showParticleSystems":true},"in2DMode":false,"pivot":{"x":1.8266547918319703,"y":4.006827354431152,"z":9.254343032836914},"rotation":{"x":-0.07916799187660217,"y":0.8149272799491882,"z":-0.11468300968408585,"w":-0.5625600814819336},"size":30.46728515625,"orthographic":false}